,body,company,score
0,Working on getting that implemented soon,Google,1
1,42.,Google,1
2,Very good explanation. ,Google,1
3,"**tinfoil on**

This guy must have found the answer to the Marshmallow easter egg and this box was the prize. 

**tinfoil off**

Cool box, dude.

",Google,1
4,"Well I started my Internet activity very early on (around when I was 11) and unfortunately due to being inexperienced I put my real name in a lot of sites. Now if I search my name on Google, a lot of stuff come up that I don't want people to see. I can't remove those manually because some of the sites don't allow you to do that, and in some other cases I've forgotten the username / password. There should be a way for me to remove those from search results...",Google,1
5,"Oh since it is a Windows tablet and does not have Google Play installed it cannot access Android applications or show on the Play Store... 

Sorry",Google,1
6,"I haven't installed anything. I wanted to install the google play app but it's showing as installed and i cant change the settings or even update anything. It's an RCA, windows tablet. it was a gift.. given to me all loaded up. I wasn't given the box it came in.",Google,1
7,Have you installed any apps yet? What kind of tablet is it ,Google,1
8,I have logged in on the new tablet. The new device wasn't added and the only option I have is to change the name of the old device.  There is no option to hide a device.,Google,1
9,"I don't understand the issue. But to remove a device tap the gear on the top right and choose Settings. You can select show in menus to ""hide"" a device from the menu and rename your old ones.

To actually ""remove"" a device I think you do that through your Google Account manager somehow 

Edit - a new device is automatically created once you log in with your account on that device to the play store ",Google,1
10,"I'm a bot, *bleep*, *bloop*. Someone has linked to this thread from another place on reddit:

- [/r/android] [(Crosspost) How can I add or delete a device from the google play website, not the app.](https://np.reddit.com/r/Android/comments/3ujljz/crosspost_how_can_i_add_or_delete_a_device_from/)

- [/r/google] [(Crosspost) How can I add a new device to my Google Play account. More info in the link.](https://np.reddit.com/r/google/comments/3ujkdc/crosspost_how_can_i_add_a_new_device_to_my_google/)

[](#footer)*^(If you follow any of the above links, please respect the rules of reddit and don't vote in the other threads.) ^\([Info](/r/TotesMessenger) ^/ ^[Contact](/message/compose?to=/r/TotesMessenger))*

[](#bot)",Google,1
11,because reasons,Google,0
12,"Actually, if you're in STEM, they can be pretty handy. Chromebooks run Linux natively. Using something like Crouton, you have all the power of a standard Linux computer. 

While I don't have one (need the processing power), a Chromebook can be easy access to a flawless Linux experience.",Google,1
13,"You can both stream (Netflix, Amazon Video, etc.) and download (Google TV and Movies) with ChromeOS.",Google,1
14,"Upon further review...  Google Play Music says I don't have a subscription, and YouTube say that I do have a Youtube Red subscription, and that it is going to renew on December 1.

Hmmmmmm.",Google,-5
15,"No need for me to cancel, it seems Google already did it for me. 

Looks like I am going to be saving $102 dollars next year. Thanks Google!",Google,4
16,"Not unless Popcorn Time and Kodi make an application for the Chrome browser.

I meant to say: The *only* software you can download lives inside the Chrome browser as an extension.

If you can get Ubuntu on it you have a shot at getting popcorn time.  Or wait until this Rasperry Pi Zero comes out, for 5$ it will run Popcorn time for you.",Google,1
17,This reminds me of the garbage man episode from the Simpsons... https://youtu.be/cp9MhORgE5U,Google,1
18,Code one and send it over to them... Chsnces are you'll get a job ;),Google,2
19,"Also doesn't do unix timestamps, as far as I can tell.  You think Google would be all over that, but I have to use wolframalpha instead.",Google,1
20,"1. Go to the Chrome download page

2. Click ""Download Chrome for another platform""

3. Choose the platform you want.",Google,1
21,"The cameras on the Street View cars use Rolling Shutter. This explains the repeating vertical lines. As far as why they occurred in the first place - I initially suspected direct sun, but now that seems implausible. Maybe just a software/hardware/encoder glitch. ",Google,1
22,Just checking in here to say that the metadata is still wrong for files even after the 24-48 hours it supposedly takes Google's algorithm to go through the files. No-one else has this problem? Am I being weird to see this as a problem?,Google,1
23,"As someone who frequently buys shoes that are ""supposed"" to be in Asian/metric sizes primarily (I play badminton in the US), this is correct. Even just within 1 brand in the US there can be a lot of variation so I don't see why you would expect an arbitrary chart you found on the internet to convert between _different_ shoe size standards.",Google,2
24,"Pro: You don't have to deal with setting it up, keeping it up to date, finding an anti-virus solution, ... and they're cheap.

Con: You are very limited in what you can do with it - basically, everything you can do within Chrome. Also, some of the cheaper models can be a bit underpowered.

If all you ever use is a browser, and you write your letters in Google Docs or by hand, go for it! As long as you don't put it in developer mode, the only way to get malware onto it is shitty extensions/apps, and that's a) relatively easy to clean up b) not that likely since Google is doing an increasingly better job at cleaning up the Chrome web store.

I would never get a Chromebook as my main computer because I do far too much advanced stuff that simply wouldn't work on it (software development, running virtual machines, ...), but if a relative asks me for ""a computer"" that I would have to support, they're getting a Chromebook unless they can demonstrate proficiency in something that wouldn't work on it, and a history of actually using that application. That way, I can be sure it'll just work and I won't have to worry about updating, maintaining and de-worming it every few months.",Google,1
25,"AirPlay to Apple TV still works great with the Prime app from my iPad. It'll be nice to have a native app, but definitely no need for a streaming stick at this point.",Apple,1
26,Love my V10.,Apple,1
27,How about my home audio system. Sure. I guess I'll buy a blue tooth adapter for every radio in my house. ,Apple,1
28,"It's not updated anymore. The ""latest"" version doesn't even support iCloud Tabs. Too bad, too. I actually intended to use Safari on Windows once iCloud Tabs was announced, but that feature never materialized.",Apple,1
29,"What's newsworthy about this?

So you can hot-swap between accounts, big deal. What a niche feature.

Are people really using Instagram? Hasn't that fad died down? Seems to be inundated with fake/spam accounts.",Apple,1
30,"Apple Music is better, but it's still too slow for me. At least the android version anyway. ",Apple,1
31,"I strongly disagree. Google apps are slow to update to new iOS technologies, such as Split View or even the iPad Pro screen size. They even lag behind on basics, such as edge swipe navigation, and they don't conform at all to iOS design guidelines. This presents inconsistencies on the platform, even down to tiny details such as how disclosure triangles work.

I cannot stand using Google's apps.",Apple,1
32,"They've taken those images from [this linx presentation](http://www.scribd.com/doc/261875793/LinX-Imaging-Presentation) which is from 2014, before linx got acquired. I assume linx just didn't release any more images after that.",Apple,1
33,I totally agree with what he said. ,Apple,1
34,"I'm not defending them in the slightest. They've been doing this for years. This is the way the internet works now. Users have to adapt. Also, I didn't mean to imply what they are doing is shipping adware. They aren't. They are giving you the option of setting Yahoo to your homepage, and perhaps install a toolbar.... if you installed it, it's your fault. ",Apple,1
35,NO.,Apple,1
36,"Noooooooooo
Nooonoononononono


Nnnnnoooooooonononononononononono",Apple,1
37,"Yes, the one that is a tablet with a keyboard grafted in the side and most of the ports removed.  ",Apple,1
38,You can't.,Apple,1
39,"Yeah, but they've basically given up on it. ",Apple,1
40,Because you're hilariously wrong? The optical can light up without a cable being plugged in.,Apple,1
41,"Bluetooth audio transfer is digital, so technically any Bluetooth headsets quality would be dependent on the drivers just like any other headohones",Apple,1
42,Didn't Sony backtrack on their waterproof phones and re market them as water resistant?,Apple,1
43,"No, they do not 'lead the pack' on CPU performance, ever. I have literally never seen them use the best available consumer CPU on the market. They always (or almost always) max out at the 2nd best 'consumer'-level Intel chip. Above that is the Extreme Edition of whichever generation of chip is out. Above that are the 'enthusiast' desktop processors, and above that are Xeons. My desktop CPU 'only' cost about $500 and eats the current top-end iMac for breakfast.

The only Apple computer that EVER 'leads the pack' in CPU performance is the Mac Pro, and even then they generally aren't using THE 'latest and greatest' Xeons that Intel sells.

But anyway, by 'cripple their hardware slowly', I meant stuff like what they did with the Mac mini lately, or the disappointing performance of the MacBook, or the laughably awful 5400 RPM drives they insist on keeping as the 'starter model' in iMacs. They are holding things back, little by little. I think they won't ever make their flagship models BAD, but they will keep them back just enough so that their shift into in-house SOC designs doesn't seem like a downgrade.",Apple,1
44,So much middle-class consumer wealth being sucked up into the ether...,Apple,1
45,"It's already ridiculously thin. If I use my 6 without a case, my hand actually cramps up from how thin it is. With a case, it feels perfect. I'd rather have more battery capacity than a half millimeter thinner.

I have no interest in Bluetooth or Lightning headphones, or buying an adapter. If they do make this move, my next phone might be a Nexus.",Apple,1
46,There will also never be a smaller than 10 inch iPad ,Apple,1
47,"Apple Watch is already there.

AMOLED battery benefits are greatest with white on black UI.

I was surprised they didn't go with e-ink for the watch though. It's not like it needs a high refresh rate.",Apple,1
48,...so do you agree or disagree?,Apple,1
49,Play Music is one of the main reasons I switched to iPhone. Music is one thing Apple does fairly well. Battery life too. ,Apple,1
50,Call them or chat them about it.,Amazon,1
51,"I just put a shortcut on my home screen to Amazon Smile's mobile website. Would that work for you?

It's not as nice as the official app. But....it's the best we've got.",Amazon,1
52,"Yeah and by next year you'll probably be able to find name brand 50"" tv's for the same price",Amazon,2
53,"True but I'd much rather save my money for something else of better quality even if its not a 50"" TV.",Amazon,2
54,Agreed 100% But for $150 what do you expect.,Amazon,2
55,The TV looks like a POS anyway hardly any reviews and its an off brand I've never heard of.,Amazon,2
56,It depends on the item. At this time of year the sale prices are meant to clear products out.,Amazon,1
57,It also hold's Amazon to prove the phone shipped from them. Then it moves to UPS to dwal with.,Amazon,1
58,"Well I thought it was a hilarious day going to best buy to find out that their 49"" sold out last night, and then watching all of you coming to conclusions and waiting for a day in a half. I for one didnt get one like a lot of you, but looking ahead, TV's are gonna go on sale soon for Christmas, before the Super Bowl, and then the entire month of march. And so maybe you have to pay more than $150 for the tv, at least you know the make and model of it and you're not waiting around refreshing amazon for an entire day for a tv that you don't know the quality of (if it ends up being nice, good for anyone who got it) but bottom line, this isn't the end of the world and its probably better to get a tv that you've researched and know what you're getting out of it",Amazon,1
59,And theft is a serious issue with the company. I'm sure they'd rather look into it much further them customer service.,Amazon,1
60,"This is the correct advice. Although a police report won't implicate Amazon in wrong doing or hold them responsible for the missing phone, it will remove any speculation Amazon may have about being defrauded by OP as a false police report carries criminal penalties. ",Amazon,1
61,"I would not go the route of pushing this with Amazon legal unless you are willing to drag this issue into court and drop some serious money on attorney and legal fees. 

Legal departments exist to solely protect the interests of the company, including financial interest. They will not be your advocate and you will get absolutely no where.",Amazon,1
62,"Got one! pretty thrilling. Of course now my wife is pissed cause I bought it without talking to her (she doesn't want a bigger TV). Not my finest husbanding hour. Keep an eye out, it may be on craigslist soon.",Amazon,1
63,Damn.,Amazon,1
64,my guess is someone at the warehouse stole it,Amazon,1
65,Came and went About 2 hours ago apparently,Amazon,2
66,"Lightning deals are limited to a pre-specified number of units based on the funding provided to Amazon by the vendor. In this case, the vendor was likely only willing to fund such a steep discount on a few thousand units, so this is the number of units available at the CSLD price. The % claimed that you see on the CSLDs corresponds to available funding, not inventory remaining.",Amazon,1
67,Have you never seen the % claimed on the lightning deals? They only offer so many at that price,Amazon,3
68,"If you're talking about the 50"" tv for $150, I don't think it has even gone on sale yet.",Amazon,1
69,"The lighting deal ran out while still in stock by Amazon, fulfilled by Amazon, and within the lighting deal time line. Basically drawing people to it and not honoring price match.",Amazon,-5
70,He didn't get the lightning deal he wanted or something.,Amazon,3
71,"[Lightning Deals can be found throughout Amazon.com, including the Gold Box page, and are available, one per customer, until either the promotion period for the deal expires **or all the available promotional discounts are claimed**.](https://www.amazon.com/gp/help/customer/display.html?nodeId=201134080)

Just because you misunderstand something doesn't make it false advertising.",Amazon,5
72,"Contact the seller with your order number. You can do this through amazon. Amazon will have them try to rectify the situation first. If that doesn't work, you can go through amazon to get a refund. ",Amazon,1
73,What are you even talking about,Amazon,3
74,"If you have a tracking number, you can go to the courier website and track the location with them",Amazon,1
75,My personal stopping point for picking up a passenger is 4.7.,Uber,1
76,But more than likely the Uber driver isn't gonna give a shit if a younger looking person gets in the car unless they look like they're 12. We don't ID and god forbid if we try to and they're of age. O.O,Uber,1
77,Can I ask why Uber drivers would not carry barf bags? That would be my number one purchase. ,Uber,1
78,It's probably a fight. You've probably got to take someone WAY out of any pick up zone. ,Uber,1
79,Uber driver AND dealership owner here: driving anywhere not for dealer business with your dealer plates is a massive no-no. In our state and two other states I know for certain: Those are ONLY to be used for dealer business. You can likely lose your plates over that too. ,Uber,1
80,How do you actually get this paid?,Uber,1
81,Ain't got time for that.,Uber,1
82,Oh Hamilton...never change. ,Uber,2
83,They'll adjust it if you shoot them an email ,Uber,1
84,If they were baked did you at least suggest to them that they shouldn't be driving? It would have been safer to take them home and they could have come back the next day for their cars.,Uber,3
85,The GPS algorithm should alert uber for tolls but it is not 100%. Too much work. I usually tell the pax the same thing. Uber doesn't properly or correctly credit me for tolls so I avoid them. ,Uber,1
86,"Yes, I got my service on Oct. 4th of this year",Uber,1
87,Is t mobile still offering unlimited data?,Uber,1
88,I use t-mobile's unlimited $40 per month plan on an old galaxy s2. Use it only for uber.,Uber,1
89,"They are supposed to but if they haven't added a toll road on their map and the driver takes it, they don't get paid for it. 

Source: The 50+ cases I have to open after each ride to get Uber to reimburse me.",Uber,3
90,"Yes. 

I thought they didn't and I requested my driver to take a toll road once because I was in a hurry. I gave him cash for the toll. Once I got my receipt it included the cost of the toll on it because they knew my route and that it included a toll. ",Uber,5
91,Driving 30 hours a week I use just under 2GB a month. 3GB should cover 40 hours a week.,Uber,1
92,Depends where you live.  Some areas have lots of cars 24 hours.  Some areas NEVER have cars.,Uber,2
93,Good old Hamilton.,Uber,5
94,Any time as long as there's a driver willing to pick you up.,Uber,2
95,"I agree, other guy is an asshole",Uber,3
96,Ah okay thanks for the info!,Uber,1
97,"Taken from: https://www.uber.com/legal/usa/terms

First, if you are only 17 you cannot have an Uber account. While no one may find out, if it comes up you could have the account deactivated. <see ""User Accounts"">

Second, you cannot request a ride for someone under 18 unless you travel with them. This you are more likely to get called on, because a driver could refuse to give you girlfriend a ride and Uber would back them up. <see ""User Requirements and Conduct"">",Uber,1
98,"Yeah you are right, I wasn't too sure what uber was, now I realize they are pretty professional. She is 16 about to be 17, and I am 17 about to 18 in a few months, it's legal for us to date :)",Uber,1
99,"What is the age of consent in your state? Could be statutory rape. Look it up. 
Either way uber drivers are legit. Uber has all of our information and picture. Only an idiot would try something stupid. Plus we are all adults over the age of 18. I also believe that the minimum driving Age is 21 with 1 year of driving experience. ",Uber,0
100,"what a fucked up situation and a really sad & pathetic son & daughter who didnt care, didnt appreciate you waiting with their eldery when u had more work & lyft to do.  You did a very nice deed, what a kind person you are.  Sadly, in general the nice guy doesn't always get appreciated or tipped.

So did the son daughter end up coming to pick their elderly mom? or did the party people come back and take her home or what? ",Lyft,1
101,LA as in Los Angeles?  ,Lyft,1
102,"I had a similar experience a few months ago. Elderly lady who didn't talk and could not walk. Her sons put her in my car and told me to drive her to a clinic, and that the nurses would help her out on the other end.

When I got to the clinic I made the mistake of ending the ride, and when I went inside there was no one available to help the lady, and they didn't even have her down for an appointment. When I tried calling her son, who requested the ride, the app would no longer connect me. 

After waiting 30 minutes I called 911. Police showed up and finally sorted things out with the clinic. I got no help or additional compensation from Lyft, but definitely learned my lesson. Don't end the ride until everyone is out of the car, and don't take people with special needs without a proper escort. ",Lyft,1
103,"Well, to put it mildly, as soon as you hit end ride, you were on your own. You were no longer required to look after this person. If you decided to stay, well, many nice guy points to you, but that's it. There is literally nothing you can do to get more money from them. I would personally chalk it up to a lesson learned and move on. I generally don't hit end ride now until they're out of the car. This is a lesson I've had to learn, much like you are now.",Lyft,2
104,"That's pretty quiet....... O_o

Lol. Any of you guys drive for uber? Maybe that's the way to go these days...",Lyft,1
105,LA is quieter than a bag of dead kittens if it makes you feel any better.  7 rides in 7 hours today.  Must be a holiday hangover,Lyft,1
106,"I think the complaints are baseless. We already get paid once a week as it stands. Why pay a fee to get the funds everyday?? 

Obviously in emergencies, I get it. The option being available is novel, but the flak for it not being here yet? 

How many drivers legit need to withdraw daily?? ",Lyft,3
107,"You don't have to do all of the hours, just 50 minutes of any you want credit for.",Lyft,1
108,"You found your phone...that you lost in a strangers car? The same phone you are complaining about Lyft not helping you find?

This story is a lie. Why do you turds do this?  What is the reward in fabricating some flimsy story that is so obviously false?",Lyft,1
109,"Nashville is full of drivers at the moment. I think it will die down over the next few months because the market has been flooded. Those not making enough will give up. 

However, to help you out...
Nashville hot zones:
East Nash (particularly near 5 points) 
Between Vandy and Belmont.  
Marathon music works after shows.
Green hills mall 5-7pm

Also, Nashville sucks on holidays. Most kids that use Lyft are out of town. The growing population of this city is mostly young people so they all go back home for thanksgiving.",Lyft,1
110,Do not entangle yourself in a loan for self employment.  They will lower your rates in your area and then you will be stuck. I guarantee it.,Lyft,1
111,found my phone genius,Lyft,1
112,"I'd love express pay, I check forums frequently for that reason primarily.  I feel like I would get myself driving more if I knew I could deposit the dough everyday and have to make at least 50$ to do so ",Lyft,2
113,"What's the hold up?!! The email specifically stated ""coming in november"". There's only 3 days of november left!!",Lyft,1
114,It's down to $500.,Lyft,1
115,"$500 Bonus after signing up and completing 100 rides for Lyft: JONATHAN644758

Also, $300 sign up bonus after 30 Rides for Uber: JONATHANL2335UE
",Lyft,1
116,"Does anyone actually want, care about, or need this? Seems like it's just the in vogue thing to complain about.",Lyft,3
117,"I've been doing it for a bit. Ambassadors are able to get the referral bonuses without driving. Here in Austin, they even set up events for you to hand out cards and swag for Lyft. It's not a bad deal. ",Lyft,1
118,"I have had issues where my bank limits transactions in certain states when there is fraud.  When I travel, I always call the bank and make sure I'll be able to use my card where I am going.  It may be something similar, whereas wherever Lyft processes from may be restricted by your bank.  Give the number on the back of your card a call and see if they are blocking the transactions.
",Lyft,1
119,"nope. still in testing.

they'll send an email to you when it's available.",Lyft,2
120,But you did not find Lyft via a referral-- you found it and started sign-ups independently.  Why would Lyft pay a finders fee to the other guy?,Lyft,4
121,iOS ,Lyft,1
122,Strange. iOS or android?,Lyft,1
123,"As a consumer you go where the money is. I do want to be qualified for new driver bonus, so yes. ",Lyft,-1
124,"I am a new driver. I started the app but never finish. I stop at step 3 or so; I was literally bored at the time so I thought I check out the process to see how it works. If I were already a driver or have finished the application and want to reapply a code, that would be ""cheating"". But this is not the case. I believe Lyft should allow some flexibility on this seeing as how I wasn't trying to game the system. '___' ",Lyft,1
125,"This is worth every penny.  Deadbolts get stuck!!!  Zero problems with this.  Can't recommend it enough.  

http://www.amazon.com/gp/product/B0083GJ17G?psc=1&redirect=true&ref_=od_aui_detailpages00",Airbnb,1
126,"I get it, except that cleaning and service fees have their own category. The base nightly price itself went up from 92 to 145 which completely baffles me",Airbnb,1
127,"I did that, which is why I'm confused. ",Airbnb,1
128,If you see something you like book right away,Airbnb,1
129,I too have schlage works well not as easy as wireless versions for updating the codes and no notifications but other than that it's great.  If your in Canada its on sale on Amazon today for black friday,Airbnb,1
130,"I have a [Schlage](http://www.amazon.com/Schlage-FE595VCAM619ACC-Camelot-Keypad-Lock/dp/B000NJJ1TY/ref=sr_1_3?ie=UTF8&qid=1448678569&sr=8-3&keywords=schlage+combination+door+lock) and it's pretty good.  
 some things I don't like:   
combinations only 4 digits.   
there is no warning that the battery is getting low.  
I wish there were a way to apply a voltage externally in case the battery dies, to prevent being locked out.  just a couple metal contacts for a 9V would do.",Airbnb,1
131,"Get a Vera Edge controller and either a Schlage BE469 or the Kwikset or Elco equivalent Zwave lock.  The Vera edge costs $99 and there are no annual fees.  You can program door codes remotely and set expirations on the codes or just delete them manually. 

We have the Schlage BE469 deadbolt and it has been great since we got it.  We had the previous model which was a bit confusing for people and the batteries wore out more quickly.  The new BE469 is also motorized so you can lock/unlock the door remotely.

You can also setup alerts to let you know when renters open/close the door, when the batteries are getting low or if there is a malfunction.",Airbnb,2
132,"Furthermore, all cab drivers have a phone, but most of them cannot read a map nor interpret an address.",Airbnb,1
133,"They don't need to leave clear instructions their contact info is available on the itinerary. OP made no effort to contact them and made assumptions they wouldn't be reachable. Hell I have private room rentals who don't say anything until they leave and we are in the same friggin house!

The smoke detector was an unfortunate easy to overlook thing. 

No one is pressuring them to leave a certain review. They asked people's opinions and we gave it. I've hosted hundreds of people and know most first timers such as op don't read the listing totally and have unrealistic expectations.

I think the host made some mistakes but I bet it isn't as bad as op stated either.",Airbnb,1
134,"Always search using your dates (ie: dont search with no dates) as it shows an 'advertised price,' which is is meaningless as it can be set to anything.  The calendar will show nightly rates which can vary by day.",Airbnb,1
135,"Yeah dude, this is just a Thailand thing. Ask yourself if there are actual inconsistencies with your trip and the listing, or if this one thing is just making you anxious.",Airbnb,3
136,"Run a speed test for the WiFi & take a screenshot of the result. 

Take photos of the lack of curtains. 

If the host had on the listing page that the washer costs extra at the time you booked, you may not be able to claim that. If not & the host informed you through the message thread after you booked, then Airbnb will be able to see it. 

Either way, take photos & contact Airbnb asap so they can document the problem & help. ",Airbnb,1
137,"My guess is it's the cleaning fee & service fees. They add those and then give you the price per night based on the subtotal. 

So let's say you had a base nightly price of $50 & you're staying for 4 nights. Cleaning fee is $20 & service fee of $20. That would be $50 Ã— 4 + $20 + $10 = $240. Divide that by 4 nights & you get $60, which is the new nightly price including fees. 

Hope this helps! ",Airbnb,1
138,"Is some states guests can end up receiving ""tenant rights"" after 30 days and if they decided to not leave the host would have to follow eviction procedures like you would with someone renting long term.  Pretty rare but it's in the back of my mind when I consider long term rentals.  ",Airbnb,1
139,Those already have their own categories though. I'm quite confused right now and almost considering ditching Airbnb for a hotel instead,Airbnb,1
140,"I'll try to get him to conform a spot on google maps, thanks for the tip.",Airbnb,1
141,"It shouldn't. 


The extras are things like cleaning fees, city tax and Airbnb's service charges. The first two will bump up the nightly price but $50 sounds like a lot.",Airbnb,1
142,"I have the same issue with my guests, I can't give a proper address since I don't know it either, no street name or building number. Not only our building but most of them since our area is fairly new. 

But I always give exact directions with map photo too. Now I have included photos from the neighborhood to help my guests.",Airbnb,3
143,"Try /r/travel or /r/DigitalNomad for additional advice. In a lot of countries proper street addresses mean little and people locate places by their proximity to popular landmarks.

This article touches on it. http://www.wsj.com/articles/SB10001424052702304870304577489094121477570

That said, ask for him to drop a pin on Google Maps and at least send you that link with the GPS coordinates.",Airbnb,1
144,"I noticed you said you're going to Thailand. We lived there for a while and it's true, addresses just get you to a general vicinity. That being said, ask him to make you a little map or something to show the cab driver. I hope it all works out and you have a fab time.",Airbnb,2
145,This applies even if I found the listing by filtering dates in the first place?,Airbnb,1
146,"Maybe it's a currency issue? I had a couple guests from Canada who said the price was switching around on them, but it was just a conversion rate issue. Also, make sure you're inputting the dates you want to stay since the nightly rate can change based on seasonality, weekends, etc.",Airbnb,1
147,"AirBnB allows owners to set custom prices for different times of year - low season, tourist season, holidays, events, etc. So when you first view a listing you may see the lower ""now"" price, but when you put in your specific dates the price may appear higher if your dates are during a higher priced period. 

I'm a host in Alaska, and my summer prices are nearly double my winter prices. But most of my guests book during winter, so they see the winter price until they put in their specific dates. I've gotten occasional complaints about it, but there's nothing the host can do about it. ",Airbnb,3
148,"I know some owners who obscure their address to avoid advertising to burglars where their empty house is. But they give the full address when the booking is confirmed.

Does the host have many/any positive reviews from previous guests ?
",Airbnb,1
149,Thanks for your help.,Airbnb,1
150,"The Band 2 gets 2-3 days, which isn't *that* much shorter than my Charge HR, and it's an order of magnitude more powerful.

I don't see any reason why Fitbit couldn't design a pedometer with the same features, with a color screen and a few bells and whistles thrown in and still have a great battery life.",Fitbit,1
151,"I rarely pay for apps, but this was a no brainer. Just got my fitbit charge hr today, this is a killer app. On an HTC one m9, BTW. Setup was easy enough, only thing that kinda sucks is the fitbit shutting off the screen before the notification has passed. I see you addressed that as a FB side issue. Thanks for your work! ",Fitbit,1
152,You were probably abducted by aliens,Fitbit,2
153,"Yeah I'm on my feet most of the day. I'm an order selector for grocery distribution, and the holidays are really busy. So I have to adjust the setting? ",Fitbit,1
154,"You rock, that's the kind of answer I was looking for, and not even the fitbit people could answer it.

As I type, a new Large purple is being shipped for my wife. I'm sure a small would be just fine with the new sizing. But she put on my large and it was okay.

Thanks for replying,  you gave me a bit if sanity",Fitbit,1
155,If you downloaded the target wishlist app it had a 10% off coupon. The coupon ended 2 days ago though ,Fitbit,1
156,"judging by the 84 BPM, and knowing that the device is default set to consider active minutes after 95 BPM for 15 minutes, it wouldn't be inconceivable that the device believes that OP is active 322 minutes. 

OP you can change this setting in your settings. ",Fitbit,1
157,And thank you for posting the updated GitHub reference!,Fitbit,2
158,Thanks for posting this blog post.,Fitbit,2
159,332 active minutes? That's great. Are you on your feet while you work?,Fitbit,2
160,Screenshot?,Fitbit,1
161,"Picked up a surge in tangerine, thanks!",Fitbit,1
162,"What did you say when you called in? I got mine earlier today, and it's already marked /:",Fitbit,1
163,Found The Doctor,Fitbit,5
164,At what point did you enter the code? Was it on the paypal side or on the seller side?,Fitbit,1
165,Yes,Fitbit,1
166,"I just walked all day. To be honest it was nothing special. I would say unless you go off on some grand hike, you could make better with fewer steps (even like 10-20k) by just doing a run and a walk in a day.",Fitbit,1
167,I've always hated wearing a watch. I almost always take it off without thinking about it and leave it someplace. I've worn my Charge HR since March and it almost never bothers me at all.,Fitbit,1
168,I've had mine since March. Never had that issue.,Fitbit,1
169,Did you pay with PayPal?,Fitbit,1
170,"Oh yeah, I was just looking through the colours and the price didn't change, if you choose a size that's when the price changes.",Fitbit,1
171,The other colour options are more expensive.,Fitbit,1
172,Sounds like an integer underflow.,Fitbit,3
173,I see you also work in retail,Fitbit,24
174,"According to the Internet a leisurely Walker takes about 115 steps per minute which means for you to have accomplished this it would've taken you 17,391,394 minutes or 12,077 days or a bit over 33 years.  Great effort man! ",Fitbit,6
175,"I shit you not, to this day I am still looking for a quality replacement part. EBay Is not a bad option but people want to sell the whole item which is worth exponentially more than just the speaker",Jawbone,1
176,any luck?  I'm in the same boat,Jawbone,2
177,"He has about 10, if not more accounts, all posting affiliate links with the same title format. This guy needs all of his accounts to be shadow/IP banned.

I reported the ones I could.",Jawbone,1
178,"I can only speak for myself, but I had a great experience exchanging my band for the exact same reason as you her in the UK. everything was sorted within a few days",Jawbone,1
179,Lol good catch. Go fuck yourself OP,Jawbone,1
180,"Nice affiliate tag there, bud.",Jawbone,4
181,"Wish it was this price on amazon.ca, but that wish goes for just about everything on amazon.com vs amazon.ca ",Jawbone,1
182,Got mine in August. Took it off to charge one day and never bothered putting it back on. Haven't worn it in over a month. Just didn't seem to add to my life. ,Jawbone,1
183,"I have just received (one week ago) an UP24 replacement for the one that broke on January! Had a bunch (can't remember, 5, I guess) replacements before this one (for 3 different bands) and all were quick. For this one to get to my hands, I've exchanged 30+ messages with the support. A shame...
 ",Jawbone,1
184,"They suggested (promised, I was going to write, but it is too strong, I guess) that the UP3 sensors would allow new data to be available to the user eventually. I, for one, like the REM sleep reading already available on it, and the automatic logging of the Resting Heart Rate. This alone, probably, isn't worth 50 extra bucks to me. The chance to maybe get a more powerful band on the future, together with the RHR and REM is!",Jawbone,1
185,"Me too. I've made 100+ (everymove.com logs it!) twice and never got a new accomplishment. I used to love the ""badges"", and it served as consolation when I break the streak. But now, as I know I will never get anything after 21, I just don't care anymore. And it is a shame, motivationally speaking.",Jawbone,1
186,I have one. Do you have any questions? ,Jawbone,1
187,"It is not normal, but might be caused by the phone you have. It worked perfectly fine on my OnePlus One, but it would only sync when the app was opened on a Huawei phone which seemed to like blocking legit services like the UP app from running in the background.",Jawbone,1
188,"I personally didn't think so. I'm pretty healthy, so I don't really know what extra value I'd get from monitoring my heart rate so frequently. Plus, you have to wear it a bit more snugly for the sensors, which I didn't really like. ",Jawbone,1
189,Would you say that UP3 is worth for 50 bucks extra?,Jawbone,1
190,"Yup, lost mine last weekend so just grabbed another one!",Jawbone,1
191,"Honestly, no idea. UK here. Contact them maybe? It might be either A/B testing or slow rollout.",Jawbone,1
192,I imagine it's by design.  Maybe intended to motivate a higher step goal.  I sent a suggestion a while back to ask for higher steak counters but didn't get a response.,Jawbone,1
193,"Do you think it's just lazy programming, or they have some other logic for omitting streaks > 21 days?",Jawbone,1
194,21 days is the most I remember seeing and at one point I had a 200 day streak.,Jawbone,2
195,"I also have an UP3 and an IOS device and have an insider account but did not get an email or an info from the app. I live in Germany, maybe thats the point?",Jawbone,1
196,"Thank you so much for this comprehensive answer: 

- Question 1. Yes. All details are 100% correct.
- Question 2. yes on the same (non dominant) wrist
- Question 3. Thanks for this. I'll give it a few weeks. It's just so disheartening to see the drop in activity. I also did not set a new account. I've kept my old account and updated my device. It's also disheartening because Jawbone Smart Coach is effectively telling me that i'm not as good as last week when in fact, I've been far more active! 

",Jawbone,1
197,"The Up24/Up-Move use the Fullpower Technologies' MotionX algorithms, while UP2/3/4 use Jawbone developed Algorithms. I wear an Up3 and Up-Move on the same wrist, just to track how closely they match; and usually they are well within 10-15% of one another.
Now, before blaming the algorithms or sensors, let's do a dumb-user check:
Q1: Because you had to use a different App with Up2 rather than  UP24; did you remember to set your height, weight, and gender correctly when setting up your UP2? -- the height and weight are critical (for any fitness tracker) to determining how much wrist movement is actually a step.
Q2: Are you wearing the UP2 on the same wrist as you were wearing your UP24? Ideally, it should not matter: but remember, it is trying to figure out your steps by your wrist movement. So, heavy keyboard or smart-phone usage is a major source of errors with these things.
Q3: New trackers are always less accurate the first 2 weeks of operation. The new account/new tracker needs time to ""learn"" your patterns of movement. Back a few years ago, when I got my first UP24, I remember how horribly inaccurate the sleep and step counting ""seemed"" to be for the first week. (very little sleep and very few steps counted) And, after 2 weeks, I remember it began to become a lot more realistic. When the UP24 died and I replaced it with a new UP24; I was using the same account and so no new learning was needed. ... but when switching from 24 to UP3, the new App and new account needed a few weeks of training again.",Jawbone,2
198,"My alarm would fuck up too. I felt so ripped off. I still use my up 2 but it's disappointing. 

I work retail and with my old band, it would show 10k steps or more no problem and it felt accurate because I'm on my feet constantly. Now I barely break 6k and I'm not any less active. 

I'm so so disappointed too. What disappointed me more was jawbones response to my problems. ",Jawbone,1
199,"Yes thanks, I got the mail and completed the survey :)
",Jawbone,1
200,"I know...  It sucks.  If it supports the Mac platform, shouldn't the software do the same?  smh.  Anyway, thanks!",Microsoft,1
201,"You said ""I cant afford to buy two new licenses"". Your Windows 10 Pro license should continue working on the laptops, if you reinstall the OS, as long as you don't change the motherboards.",Microsoft,2
202,"I found a tool, and some useful info, here:

http://www.wilderssecurity.com/threads/rcc-check-your-systems-trusted-root-certificate-store.373819/",Microsoft,1
203,Definitely need them to rehash the phone with Windows 10,Microsoft,1
204,"...and back to the topic at hand...

Yeah only difference is BT or dongle. I have the dongle with my SB and I don't mind. I take it with me and have a 4-port use extender thing on my desk. I don't usually need even the second USB when I'm out and about. Worst case, if I did, I would just use the trackpad briefly ",Microsoft,1
205,"Breaking news: software companies embed core features into their software


Seriously dude? Chill. Don't pin it - done - that's really all you need to do...",Microsoft,1
206,$60/yr almost gets you office and 1TB of storage. Pretty sure that's more than most people need ,Microsoft,1
207,Holopenis,Microsoft,1
208,"A few years back OEM certificate was the norm. Had to pay big bucks to carriers to get Java ME apps tested & cosigned by their certificates. Good thing that now we have app stores instead of the $$$ for each carrier nonsense (hundred of dollars per app/phone firmware update for carrier testing, seriously?).
",Microsoft,1
209,I want them to make phones again,Microsoft,1
210,"What punishment, Microsoft cleaning up the mess for them.  It's less bad press than the problem still existing.",Microsoft,1
211,I was wondering why my alienware had a hit after not using it. Good to know what that was.,Microsoft,1
212,The phone or the tablet? Because you're right about both lol,Microsoft,2
213,Daaaamn wtf the venue pro was the shitðŸ˜…,Microsoft,2
214,So I don't have one of these. But I just did a search and some people are saying that the only way to turn it off using a non windows pc is to connect it to a Windows pc and shut it off. From there when you use it on a mac the settings stay the same. That should do the trick. Unreal that that's what you have to do BTW ,Microsoft,1
215,"> Is there a list somewhere on the web of root certificates that should be there? 

Not as far as I know, which is a big part of the problem.",Microsoft,1
216,I hated Windows 7 too.  It was Aero.  Too much fluff.  I can't understand why people hold on to that.,Microsoft,1
217,"Still. $60/year isn't bad.

I'm probably going to stick with OneDrive and see whether Microsoft relents. ",Microsoft,1
218,"Extensive reliance on the ""cloud"" and windows as a ""service"" paradigm require internet.",Microsoft,1
219,Never heard of a Dell chromebook.  Dell used to make windows phones though.  They were nice then Dell pulled out.,Microsoft,3
220,"For the first year, then its $60/year.",Microsoft,3
221,"Thats just it, the customers still demand Windows the vast majority of the time.",Microsoft,1
222,It kinda makes sense for MS (a partner) to lend a hand.. MS has the reach to be effective in this scenario... I mean.. All the users aren't going to proactively go to dell.com for a fix.  ,Microsoft,2
223,"I'm in agreement with you, it's a valid complaint.  Apparently we're not allowed to point out things which can and should be improved.  In my mind it's all about respecting the user -- forcing us to have a non-essential app installed on our PC is inexcusable.   

I don't want this to turn into phone territory, where the OEM and / or carrier installs a bunch of shit you don't want which you can't uninstall.  Off the top of my head, my Android phone has Chrome plus a generic Internet browser labeled 'Internet'.  It also has a generic email app which does not work with my email provider (gmail), an app from Audible, an Amazon Music app, and an Evernotes app.  I can't remove any of them without rooting my phone, and my phone is struggling for space.  It's complete disrespect and disregard for the user, and no one should want Windows headed in that direction.",Microsoft,1
224,"This happens to me too, anytime I connect to the internet. It's not a chrome issue, Chrome settings are correct and there's no malware on my machine.",Microsoft,1
225,"The biggest benefit is that it helps you keep going and finish the course. That is valuable but you may find cheaper ways to do that. Employers want evidence that you can get stuff done. A course won't really give that, whether you paid for specialization or not. Join or create a project where you can put your new learning to practice. That will impress hiring managers more.",Coursera,1
226,You will have to pay but you can use edX too.,Coursera,1
227,Thanks!,Coursera,1
228,"I don't understand why the videos aren't available for this: 

https://www.coursera.org/course/algs4partI

I signed up to part II too and it says there that the videos for part I should still be available. ",Coursera,1
229,"No, it seems to be not possible anymore (or it's very well hidden in some very old courses!!)

It's still possible to join courses for free (and it's also hidden). Just search for the course title on the search bar, then select the single course and not the specialization.

However, from beginning of next year, not only certificates but also assignments will require payment. So if you plan to do some free coursework, do it as soon as possible.",Coursera,3
230,"Oh! And studying with someone is the best. Generally, I hate working with people in that sort of environment, but when you have someone ask you a question, it tests your level of knowledge by your ability to explain the subject.",Coursera,1
231,"Sit my ass down and work and rework problems for hours after making hundreds of flashcards. Honestly though, it depends on the intensity of your courses. I'm a biochemist major so it requires a lot of time and dedication as opposed to back in my gen ed days where studying was not necessary to ace classes",Coursera,1
232,You can have the same experience for free. It just provides more motivation.,Coursera,1
233,I sent you a PM.,Coursera,1
234,:) I'd like to help. :),Coursera,1
235,"I hope you already know Skillshare.com (it's a great learning platform). This private link allows you to join for free. They of course offer you discounts for membership plans, but you don't need to agree to anything. You can enroll free
",Coursera,1
236,"They need to fund for many costs, so I am for the fee, just hoping that they keep the price low.",Coursera,1
237,Yes. That would definitely work too. But I think going ahead to list where you did the course won't hurt too.,Coursera,1
238,"You can enroll as long as the course is open, and when courses close enrollment depends on the instructor. From what I've seen, they usually close when the next session is announced, but some have closed as soon as grading completes.",Coursera,1
239,"You can do this for the on-demand courses at the bottom of the Course Content page. Nothing happens if you miss a deadline in an on-demand course.

The timed courses depend on the instructor, but, other than applying late days, there's no way to request this other than to suggest it on the discussion boards. Peer-graded assignments can't be changed at all.",Coursera,1
240,"That's what I thought. Actually, after looking at your username, I just realised something: wouldn't it just better to list the acquired skills (assuming that one has truly developed them outside of the course)?

For example Java, or network administration, or data analysis for business, or whatever. ",Coursera,1
241,"I currently have only one verified certificate (for a single course), that I listed on my resume under ""certifications"" along with the Duolingo certification for English, but independent learning sounds better. Nobody ever asked me about it, though.

The thing is I'm graduating in physics in a few months, but what I'd like to do is change path and do something more CS, maybe data analysis; so I was thinking of taking related specializations to include in my resume to be a better candidate for jobs.

So really my question was: do I *need* to buy the certificates, and do the capstones, or at this point is it ok if I just list the courses I've taken? ",Coursera,1
242,"I find them to be a bit too expensive in my opinion. What I've done is do them all for free without getting verified certificate. I don't have a resume, but if I decide to make one I may include them. It shows a willingness to self-learn. ",Coursera,1
243,I personally don't but many people do. I think it's okay. Coursera had partnership with LinkedIn to seamlessly put the certificates in ones profile maybe you could check it out.,Coursera,1
244,"The value proposition of their courses for a user has been progressively diminishing over the last year, so I find the move slightly ironic. 

For example, I'm interested in data & computer science. Coursera has cannibalized their offerings in these fields by introducing parallel data course sequences such as data analysis for {marketing, health, genomic data science, and general DS} where the courses have been split up so much that the products of them are not individually worthwhile and share big redundancies with many courses. 

A lot of these newer specializations are risky and unworthy of committing to. Just yesterday the U Illinois Operations Management course, which was part of a sequence, went offline (and this is after delaying its start date) 2 days after it was supposed to start up.

Further, many of these courses are self-graded or the assignments haven't changed in years. ",Coursera,3
245,Report: cancelled one of them. One coursera course on top of college is plenty. Especially considering I tutor other programming students and have to learn their material too. So. Many. Programming languages. *dies* xD,Coursera,1
246,That's against YouTube TOS. Almost every company our there will have something in their TOS saying no other company is allowed to just leech off their services.,Coursera,1
247,You can also apply for financial aid. If you're the kind of person who doesn't have $300 to spend on education they'll definitely approve you. They approve almost everyone who applies.,Coursera,1
248,For me to it took about 20 minutes. But I emailed them immediately after submitting because I forgot to put my yearly income in the application.,Coursera,1
249,"From my experience I can tell you that they only let you know if it is not accepted, otherwise you're in. ",Coursera,1
